{
  "project_info": {
    "project_number": "704861735550",
    "project_id": "inet-1f386",
    "storage_bucket": "inet-1f386.appspot.com"
  },
  "client": [
    {
      "client_info": {
        "mobilesdk_app_id": "1:704861735550:android:2ca4c211c65d3d952a262f",
        "android_client_info": {
          "package_name": "com.abp.inet"
        }
      },
      "oauth_client": [
        {
          "client_id": "704861735550-4j0vu9m8j0s2f3cg8gbhqfeg5chu1v34.apps.googleusercontent.com",
          "client_type": 1,
          "android_info": {
            "package_name": "com.abp.inet",
            "certificate_hash": "4df00f5ad98694c8477c71128166fdcc3100ef25"
          }
        },
        {
          "client_id": "704861735550-qbv88i3qtrf5fkbdp9ap386bv8u7qdjv.apps.googleusercontent.com",
          "client_type": 3
        }
      ],
      "api_key": [
        {
          "current_key": "AIzaSyCKsskIwIjjmoNf5vbWuPwwf3Idq3nRCt4"
        }
      ],
      "services": {
        "appinvite_service": {
          "other_platform_oauth_client": [
            {
              "client_id": "704861735550-qbv88i3qtrf5fkbdp9ap386bv8u7qdjv.apps.googleusercontent.com",
              "client_type": 3
            }
          ]
        }
      }
    }
  ],
  "configuration_version": "1"
}